# Default, , , , ,
# Name,   Type, SubType, Offset,   Size, Flags
nvs,      data, nvs,     0x9000,   0x5000,
otadata,  data, ota,     0xE000,   0x2000,
# app0 was 0x150000 (1,376,256 B). launcher-adv-mirror ADR 0001 adds
# CardputerMirror (ESPAsyncWebServer + AsyncTCP + the mirror core) to this
# board's build, which no longer fits -- measured firmware.bin at 1,461,007 B.
# Bumped to 0x180000 (1,572,864 B), ~112 KB of headroom over that measurement.
# 8 MB flash total; this table still only uses ~1.6 MB of it.
app0,     app,  test,    0x10000,  0x180000,
coredump, data, coredump,0x190000, 0x10000,
